<?xml version="1.0" encoding="UTF-8"?>
<feature
      id="${jna_osgi_name}"
      label="JNA Library"
      version="${jna_osgi_version}">

   <description url="http://jna.dev.java.net/">JNA Library</description>

   <copyright url="http://jna.dev.java.net/">
      Copyright (c) 2008 Timothy Wall, All Rights Reserved
   </copyright>

   <license url="http://www.gnu.org/licenses/old-licenses/lgpl-2.1.html">
      %license
   </license>

   <url>
      <update label="TMate Software SVNKit 1.3.x Update Site" url="http://eclipse.tmatesoft.com/svnkit/1.3.x/"/>
      <discovery label="TMate Software SVNKit 1.3.x Update Site" url="http://eclipse.tmatesoft.com/svnkit/1.3.x/"/>
   </url>

   <plugin
         id="${jna_osgi_name}"
         download-size="0"
         install-size="0"
         unpack="true"
         version="${jna_osgi_version}"/>

</feature>
