<?xml version="1.0" encoding="UTF-8"?><project>
  <modelVersion>4.0.0</modelVersion>
  <groupId>org.tmatesoft.svnkit</groupId>
  <artifactId>svnkit-javahl</artifactId>
  <packaging>jar</packaging>
  <version>%svnkit.version%</version>
  <name>SVNKit JavaHL Implementation</name>
  <description>JavaHL interface implemetation using SVNKit library</description>
  <url>http://svnkit.com/</url>
  <licenses>
    <license>
      <url>http://svnkit.com/license.html</url>
    </license>
  </licenses>
  <distributionManagement>
    <downloadUrl>http://svnkit.com/download/index.php</downloadUrl>
  </distributionManagement>
  <dependencies>
    <dependency>
      <groupId>org.tmatesoft.svnkit</groupId>
      <artifactId>svnkit</artifactId>
      <version>%svnkit.version%</version>
    </dependency>

  </dependencies>  
</project>